{"cameraMode":{"drawMode":0,"name":"Shaded","section":"Shading Mode"},"sceneLighting":false,"audioPlay":false,"sceneViewState":{"m_AlwaysRefresh":false,"showFog":true,"showSkybox":false,"showFlares":true,"showImageEffects":true,"showParticleSystems":true,"showVisualEffectGraphs":true,"m_FxEnabled":true},"in2DMode":false,"pivot":{"x":0.8730553984642029,"y":3.1811110973358156,"z":1.3911978006362916},"rotation":{"x":-0.015201564878225327,"y":-0.9715227484703064,"z":0.2282986044883728,"w":-0.06408865749835968},"size":2.40848445892334,"orthographic":false}