{"cameraMode":{"drawMode":0,"name":"Shaded","section":"Shading Mode"},"sceneLighting":false,"audioPlay":false,"sceneViewState":{"m_AlwaysRefresh":false,"showFog":true,"showSkybox":false,"showFlares":true,"showImageEffects":true,"showParticleSystems":true,"showVisualEffectGraphs":true,"m_FxEnabled":true},"in2DMode":false,"pivot":{"x":0.396640419960022,"y":0.19135291874408723,"z":-0.3745970129966736},"rotation":{"x":0.09084783494472504,"y":0.9031819105148315,"z":-0.2361779659986496,"w":0.34696483612060549},"size":0.4744974374771118,"orthographic":false}