{"cameraMode":{"drawMode":0,"name":"Shaded","section":"Shading Mode"},"sceneLighting":true,"audioPlay":false,"sceneViewState":{"m_AlwaysRefresh":false,"showFog":true,"showSkybox":true,"showFlares":true,"showImageEffects":true,"showParticleSystems":true,"showVisualEffectGraphs":true,"m_FxEnabled":true},"in2DMode":false,"pivot":{"x":0.28196942806243899,"y":22.19699478149414,"z":-5.835229873657227},"rotation":{"x":0.014313973486423493,"y":-0.8367627859115601,"z":-0.5472531914710999,"w":-0.022185737267136575},"size":10.19814395904541,"orthographic":false}