{"cameraMode":{"drawMode":0,"name":"Shaded","section":"Shading Mode"},"sceneLighting":false,"audioPlay":false,"sceneViewState":{"m_AlwaysRefresh":false,"showFog":false,"showSkybox":false,"showFlares":false,"showImageEffects":false,"showParticleSystems":false,"showVisualEffectGraphs":true,"m_FxEnabled":true},"in2DMode":false,"pivot":{"x":0.030042588710784913,"y":1.0450637340545655,"z":-0.6338907480239868},"rotation":{"x":0.033318351954221728,"y":-0.9647252559661865,"z":0.1515861451625824,"w":0.21332959830760957},"size":1.160165786743164,"orthographic":false}