{"cameraMode":{"drawMode":0,"name":"Shaded","section":"Shading Mode"},"sceneLighting":false,"audioPlay":false,"sceneViewState":{"m_AlwaysRefresh":false,"showFog":true,"showSkybox":false,"showFlares":true,"showImageEffects":true,"showParticleSystems":true,"showVisualEffectGraphs":true,"m_FxEnabled":true},"in2DMode":false,"pivot":{"x":0.2511852979660034,"y":0.07035785913467407,"z":-0.16767214238643647},"rotation":{"x":0.20002016425132752,"y":0.6765207052230835,"z":-0.19872324168682099,"w":0.6804229021072388},"size":5.426144599914551,"orthographic":false}